key,box_score
10000bc2008,18.4908838517
20122009,19.2171741499
anonymous2011,15.4858362946
godzilla1998,18.953718405
independenceday1996,19.5513040386
stargate1994,18.1447989599
whitehousedown2013,18.2058289666
102dalmatians2000,17.8950254956
enchanted2007,19.1649177674
10thingsihateaboutyou1999,17.8176898414
10years2012,12.340949818
11flowers2013,9.47532952844
127hours2010,16.2083362774
28dayslater2003,17.7786337573
millions2005,14.3493551807
shallowgrave1995,14.9995516045
slumdogmillionaire2008,17.3976061008
trainspotting1996,16.4398905505
trance2013,15.0600041372
12rounds2009,16.02101146
5daysofwar2011,10.2783649877
deepbluesea1999,18.3360316915
diehard21990,18.6304701504
13assassins2011,13.712669208
gozu2004,10.8163379576
sukiyakiwesterndjango2008,11.6740096943
13goingon302004,18.1585641787
bridewars2009,17.9429624379
letterstojuliet2010,17.6392444618
13sins2014,9.21579133539
13tzameti2006,11.6444416202
14082007,18.2930311785
derailed2005,16.5942792049
16blocks2006,17.6012592579
conspiracytheory1997,18.2284755076
lethalweapon1987,17.6553378575
lethalweapon21989,18.9324993752
lethalweapon31992,18.7499350401
lethalweapon41998,18.7991554677
scrooged1988,18.229542468
superman1978,18.2017351435
17again2009,18.0719229031
charliestcloud2010,17.2102405457
igbygoesdown2002,15.8951391993
20462005,14.9009805329
fallenangels1998,12.9771593188
inthemoodforlove2001,15.2465434923
20feetfromstardom2013,14.4769096387
212008,17.9639859736
legallyblonde2001,18.2527634845
paranoia2013,15.5184273701
21andover2013,16.685103208
21grams2003,15.7813606345
amoresperros2001,14.5916605598
babel2006,16.9412781966
21jumpstreet2012,18.7934473105
cloudywithachanceofmeatballs2009,19.1664914743
25thhour2002,14.7399816378
4littlegirls1997,13.3776841569
clockers1995,17.0812384778
dotherightthing1989,17.7863146771
hegotgame1998,17.7101135818
insideman2006,18.9063260372
malcolmx1992,18.2633119573
miracleatstanna2008,15.9222176766
summerofsam1999,17.4461209542
27dresses2008,17.95403083
stepup2006,17.9022659965
28days2000,17.2915147221
drdolittle1998,18.7377981608
ispy2002,17.1094972535
johntuckermustdie2006,17.6502086552
privateparts1997,18.4600386003
28weekslater2007,17.4485344846
intruders2012,11.7051686076
2daysinnewyork2012,12.9950617131
2daysinparis2007,15.1737116648
2fast2furious2003,18.8735868761
boyznthehood1991,18.4682652469
fourbrothers2005,17.9777805234
higherlearning1995,18.1814187144
poeticjustice1993,17.9583042238
shaft2000,17.9025045663
2guns2013,18.0443222838
contraband2012,18.0544413772
3002007,19.1873003962
dawnofthedead2004,18.457114958
suckerpunch2011,17.6205955726
watchmen2009,18.9386020905
3000milestograceland2001,16.4617351704
30beats2012,9.72581783303
30daysofnight2007,17.7782332625
hardcandy2006,14.2750828376
30minutesorless2011,17.3302646171
gangstersquad2013,17.3270917803
zombieland2009,18.3600047935
35shotsofrum2009,11.6919564588
whitematerial2010,12.9672156975
3602012,11.3528136676
cityofgod2003,14.5153058082
3backyards2011,12.1131712426
3hearts2015,12.2040666912
farewellmyqueen2012,14.0183974766
3strikes2000,16.1749657808
40daysand40nights2002,17.4676072585
becauseisaidso2007,17.2925800689
heathers1989,14.741631662
hudsonhawk1991,16.8128779456
422013,18.4774488965
453652010,4.99682032981
47ronin2013,16.7472468616
48hrs1982,17.1685488921
another48hrs1990,17.7764409524
bullettothehead2013,16.000453485
redheat1988,17.5131457511
50firstdates2004,18.7478574883
angermanagement2003,18.6530444041
getsmart2008,18.589783129
grudgematch2013,16.4706645412
56up2013,12.977611409
enough2002,17.3950825602
6monthrule2012,8.87404353754
7boxes2014,9.8554437537
7thstreet2003,10.7204843732
800bullets2004,7.47035923244
88minutes2008,16.4252902058
righteouskill2008,17.2693367791
8headsinaduffelbag1997,15.6302399242
8mile2002,19.4513612179
laconfidential1997,17.8205092805
8mm1999,17.8290586105
badcompany2002,16.9456300576
batmanforever1995,19.5098592749
fallingdown1993,17.8814961261
phonebooth2003,17.8046734951
tigerland2000,12.6803393188
twelve2010,12.1512693386
veronicaguerin2003,14.4586786023
92009,17.4919430781
9songs2005,11.6003321601
code462004,12.2223353385
inthisworld2003,12.3511877745
aarakshan2011,14.1740175898
raajneeti2010,15.1295151447
satyagraha2013,13.771647034
abcsofdeath22014,8.42119012537
bigbadwolves2014,9.86622551578
abetterlife2011,14.2168804476
aboutaboy2002,17.7315814388
americanpie1999,18.3512650304
aboutcherry2012,8.9556646276
aboutschmidt2002,17.8278693381
election1999,17.0093895323
nebraska2013,15.6572871375
sideways2004,16.6011707833
abouttime2013,16.6149481783
loveactually2003,17.3901824503
absolutepower1997,18.067335859
americansniper2014,19.849288902
bloodwork2002,16.8688407039
flagsofourfathers2006,17.6456891007
grantorino2008,18.7787452968
hereafter2010,17.5626568212
jedgar2011,17.5296661373
jerseyboys2014,17.432308607
lettersfromiwojima2006,16.0803867229
milliondollarbaby2004,18.1804761601
mysticriver2003,17.8977667488
spacecowboys2000,18.4165062218
truecrime1999,17.0673890934
unforgiven1992,18.5231343228
abuseofweakness2014,11.7519484928
acatinparis2012,13.2003884175
accepted2006,16.9169582927
hottubtimemachine2010,17.7295153031
acoffeeinberlin2014,9.95799613673
acrosstheuniverse2007,16.7420827591
actofvalor2012,17.8050163367
adam2009,14.1400025723
adaptation2002,15.4016872941
beingjohnmalkovich1999,16.242497086
wherethewildthingsare2009,18.9700647513
addicted2014,16.9010691202
beautyshop2005,17.4104282961
honey2003,17.3114939759
admission2013,16.5258840573
americandreamz2006,16.1287345122
beingflynn2012,13.1968949778
ingoodcompany2004,18.2261171359
adore2013,12.9866539792
cocobeforechanel2009,15.5239237332
adultworld2014,10.0426228236
adventureland2009,16.9864783325
paul2011,17.4519739598
superbad2007,18.8891303566
afilmunfinished2010,13.4897908657
afterglow1997,13.7777717045
breakfastofchampions1999,13.1157872782
afterhours1985,15.0098076772
capefear1991,18.3755618443
casino1995,18.0560273761
gangsofnewyork2002,17.6268875992
goodfellas1990,17.912492954
ragingbull1980,15.7613091859
shutterisland2010,19.1194279746
afternoondelight2013,12.8934928844
agentcodybanks2003,17.4775476399
agora2010,13.3087250268
ahijacking2013,13.2919837011
airforceone1997,19.150036158
dasboot1982,13.643307298
inthelineoffire1993,18.6482594728
poseidon2006,17.9276685525
troy2004,18.718201184
akeelahandthebee2006,17.3597591518
alamala2015,14.6245072529
alanpartridge2014,11.887251802
alatequartet2012,13.8382278664
alexander2004,17.2929167775
anygivensunday1999,18.1145474089
bornonthefourthofjuly1989,18.2730843516
jfk1991,17.3880799525
naturalbornkillers1994,18.1740472104
nixon1995,16.3054112829
w2008,17.3070874934
wallstreet1987,17.1604318671
alexcross2012,16.9162297715
stealth2005,17.0543728934
xxx2002,18.5015039049
alfie2004,16.4640780152
babyboom1987,16.6647001375
fatherofthebride1991,17.5942286842
ali2001,17.8084916252
collateral2004,18.5518644632
heat1995,17.8520007228
manhunter1986,16.5969855422
miamivice2006,18.3454797999
publicenemies2009,18.4592290374
alien31992,18.2320860985
fightclub1999,17.9773912843
gonegirl2014,18.9377530622
panicroom2002,18.5426845904
alienabduction2014,9.85751190744
aliens1986,18.2132155574
aliensofthedeep2005,15.9787713066
avatar2009,19.8633432437
ghostsoftheabyss2003,16.6275406885
titanic1997,19.2214865513
truelies1994,18.7620645853
aliensintheattic2009,17.0068592543
likemike2002,17.573086316
alittlehelp2011,12.1633940342
aliveinside2014,11.1013335041
allaboutmymother1999,14.5611916819
badeducation2004,15.6814322776
brokenembraces2009,15.4279457482
talktoher2002,15.4437766701
volver2006,15.4896623489
allaboutsteve2009,17.2119471516
chaletgirl2011,4.80936219099
alldogsgotoheaven1989,16.8458009496
allgoodthings2010,13.5099262516
capturingthefriedmans2003,14.1326280174
allisbright2013,9.26093139403
junebug2005,14.0813770485
allislost2013,14.5422417073
amostviolentyear2014,15.5444899791
margincall2011,15.7523581038
alltheprettyhorses2000,14.9990998983
slingblade1996,16.4650949957
alltherealgirls2003,13.3379932532
pineappleexpress2008,18.2923565241
princeavalanche2013,12.8039064634
undertow2004,12.3977155651
yourhighness2011,16.7988343388
almostfamous2000,17.6383794491
elizabethtown2005,17.228020055
jerrymaguire1996,18.6635071762
pearljamtwenty2011,14.0072724645
sayanything1989,17.4598556421
vanillasky2001,18.2511746815
weboughtazoo2011,17.4212669715
almosthuman2014,8.47720946585
aloneinthedark2005,15.2074438039
bloodrayne2006,14.7625846696
houseofthedead2003,16.2223483582
alongcameaspider2001,17.6026012563
dieanotherday2002,18.9257060281
next2007,16.3750509998
alongcamepolly2004,18.2311912988
iloveyouman2009,18.1301326359
alongwaydown2014,8.53865779426
alphaandomega2010,16.9504354083
alphadog2007,16.7914755653
johnq2002,17.8113930773
alps2012,9.12953743352
dogtooth2010,11.1979205611
alvinandthechipmunks2007,18.8749599984
americanbeauty1999,18.4351596413
awaywego2009,15.0408456661
jarhead2005,18.4805435753
revolutionaryroad2008,17.1277037596
roadtoperdition2002,18.6901222811
americangangster2007,19.3964012547
blackhawkdown2001,18.5711091194
bodyoflies2008,17.4821960065
gijane1997,17.8093973786
gladiator2000,18.7103109014
hannibal2001,19.2227950991
kingdomofheaven2005,18.0245805002
matchstickmen2003,17.7529010041
prometheus2012,19.0144039044
americanhistoryx1998,14.9700912084
detachment2012,11.1496349858
americanme1992,16.8927911607
americanpie22001,18.8663063265
americanpsycho2000,16.8348351957
americanreunion2012,17.8603038955
americansplendor2003,15.4981915427
girlmostlikely2013,14.5469889998
americanwedding2003,18.5029383451
howhigh2001,16.7021350635
americathebeautiful2008,11.3027323084
amistad1997,17.5089529432
catchmeifyoucan2002,19.0513009438
hook1991,18.1331738718
indianajonesandthelastcrusade1989,19.2631746837
indianajonesandthetempleofdoom1984,19.3601848007
jaws1975,18.0069318477
jurassicpark1993,19.9146818388
lincoln2012,18.8029300085
minorityreport2002,19.1461913767
munich2005,17.3448022115
raidersofthelostark1981,18.488383211
savingprivateryan1998,19.4316821625
warhorse2011,18.0312666616
waroftheworlds2005,19.6457412604
amostwantedman2014,16.6312630073
control2007,13.8068819627
amour2012,14.6262799181
amourfou2015,9.57768635809
amreeka2009,14.1450820465
anaconda1997,17.9578659989
analyzethat2002,17.0383345064
analyzethis1999,18.5571787228
bedazzled2000,17.5533116186
groundhogday1993,18.7186599942
yearone2009,17.8838026093
anastasia1997,18.1594512158
andsoitgoes2014,16.1697015186
flipped2010,14.5708928921
rumorhasit2005,15.5712200692
whenharrymetsally1989,18.2790435859
aneducation2009,14.9779576444
oneday2011,16.3664489634
angel-a2007,12.4572591808
arthurandtheinvisibles2006,16.32472203
lafemmenikita1991,14.048225784
lucy2014,18.7225344717
animalfactory2000,11.2586902003
animalhouse1978,16.2195820234
comingtoamerica1988,18.5891903374
tradingplaces1983,17.7591851145
animalkingdom2010,13.9890465949
anna2014,7.70577419598
annaandtheking1999,16.8082132385
hitch2005,18.7902098877
ittakestwo1995,16.9850113698
sweethomealabama2002,18.4994636634
annapolis2006,16.735871364
betterlucktomorrow2003,15.928027756
fastfive2011,19.8382991679
annie1982,16.9017033369
anotherearth2011,14.4825805435
iorigins2014,12.578990155
anothergaymovie2006,12.6637913248
gypsy832004,10.7284750251
anotherhappyday2011,11.2128352498
anotheryear2010,14.9200934109
mrturner2014,14.914919398
veradrake2004,12.3071418107
antichrist2009,13.325347661
dancerinthedark2000,14.7727595415
dogville2004,14.0935129875
manderlay2006,11.751387388
melancholia2011,15.3226372253
antitrust2001,16.2055064476
johnnyenglish2003,17.2111513237
lawsofattraction2004,16.5532688165
slidingdoors1998,15.9781767325
antwonefisher2002,16.6358466378
antz1998,18.6980645048
madagascar2005,19.1442680694
penguinsofmadagascar2014,18.5388370003
anydaynow2012,12.5054572254
anythingelse2003,15.2381888878
bluejasmine2013,16.9044000237
celebrity1998,15.8617100772
crimesandmisdemeanors1989,17.1070176954
deconstructingharry1997,16.4752128825
hannahandhersisters1986,17.3205236198
hollywoodending2002,15.8065157989
magicinthemoonlight2014,15.7217073027
manhattan1979,16.4458912704
matchpoint2005,16.4136926861
melindaandmelinda2005,15.0614461798
midnightinparis2011,17.6880161389
scoop2006,16.4479160073
smalltimecrooks2000,17.1340072814
vickycristinabarcelona2008,17.204002151
whateverworks2009,15.5337909667
apocalypsenowredux2001,15.2420322714
jack1996,17.571440558
rumblefish1983,13.3006412188
supernova2000,16.1831130911
apocalypto2006,17.6663039547
braveheart1995,17.7681165197
apollo131995,19.3799641564
backdraft1991,17.6947442452
cinderellaman2005,18.3836962064
edtv1999,17.3749682768
parenthood1989,18.5418396734
ransom1996,19.0085369125
apollo182011,16.6481926158
appaloosa2008,16.8092328035
aprophet2010,15.2262656397
rustandbone2012,13.3672577546
aquamarine2006,16.9670902815
arbitrage2012,16.7262668536
argo2012,18.2110071838
gonebabygone2007,16.9909866962
arlingtonroad1999,17.5881302682
armadillo2011,10.1725892875
armageddon1998,18.7985707261
badboys1995,17.7426400487
pearlharbor2001,18.8469019132
armored2009,16.3855250786
predators2010,17.9506401923
vacancy2007,16.8151848811
armyofdarkness1993,16.5958692201
darkman1990,17.3419336913
dragmetohell2009,18.266660417
forloveofthegame1999,17.7857682975
armyofshadows2006,12.7670947312
aroundtheworldin80days2004,17.0460286205
blended2014,17.304305693
click2006,18.7124068061
herecomestheboom2012,17.2648426309
zookeeper2011,17.9727077066
aroyalaffair2012,13.1433852933
arthurchristmas2011,17.9367698798
mulan1998,18.7146389426
walkingwithdinosaurs2013,16.7242598574
arthurnewman2013,11.7016156926
asabovesobelow2014,16.6964963975
quarantine2008,17.3925946256
asgoodasitgets1997,18.2276255256
broadcastnews1987,17.8977466709
spanglish2004,17.0916159048
termsofendearment1983,17.6217936928
asilaydying2013,11.2514860035
interiorleatherbar2014,10.4800297461
sal2013,10.0013496434
asingleshot2013,10.4427681241
askthedust2006,13.638081891
assaultonprecinct132005,16.6632166358
astroboy2009,16.5687495687
flushedaway2006,18.5277288195
atanyprice2013,11.9293383216
goodbyesolo2009,13.7369007055
ateacher2013,9.65888042381
athousandwords2012,16.4227795941
meetdave2008,16.2734422709
norbit2007,18.1621939923
atm2012,8.52466434119
atmiddleton2014,12.0452317062
atonement2007,16.9035026946
hanna2011,17.5144926988
atouchofsin2013,12.3976712592
stilllife2008,12.6864207143
atowncalledpanic2009,10.3569498216
attacktheblock2011,14.9209423855
attenberg2012,10.4373337807
augustine2013,11.2275862984
augustrush2007,17.1809053483
austenland2013,13.0810514838
australia2008,17.6581097921
strictlyballroom1993,15.4600363751
autumninnewyork2000,17.2060202319
awake2007,16.1964815736
awakenings1990,18.0354974372
big1988,18.2934695321
ridingincarswithboys2001,17.2643088149
awayfromher2007,14.6264957834
storieswetell2013,13.6279877412
takethiswaltz2012,14.4048736613
babe1995,18.0275748142
babies2010,16.3566782576
babygeniuses1999,16.9666590949
babymama2008,17.7500641032
bachelorette2012,13.884780835
backtothefuture1985,18.8009000516
beowulf2007,18.4596059298
castaway2000,18.93320099
contact1997,18.9689558953
flight2012,18.7427255906
forrestgump1994,19.4402005043
whatliesbeneath2000,18.6554067229
whoframedrogerrabbit1988,18.780936119
badsanta2003,17.7452043871
crumb1995,13.7609620857
ghostworld2001,14.8499960562
badteacher2011,18.2670665363
sextape2014,17.1382618498
badwords2014,16.0052444812
baggageclaim2013,16.8447535034
baghead2008,11.275329242
cyrus2010,15.532674583
jeffwholivesathome2012,15.3375796434
ballast2008,11.5881312083
ballsoffury2007,17.0132652098
hellbaby2013,9.39982370094
bandslam2009,15.9170459896
joyfulnoise2012,17.1119060383
bangkokdangerous2008,16.3798416577
barbara2012,13.6795630757
barbwire1996,15.3542608103
barnyard2006,17.727011572
bartonfink1991,16.0664489541
burnafterreading2008,18.2383940199
fargo1996,16.8133902816
insidellewyndavis2013,16.2430431105
intolerablecruelty2003,18.017328457
nocountryforoldmen2007,17.9371937713
raisingarizona1987,16.5314074789
baseketball1998,15.9643718763
scarymovie32003,18.7629311999
scarymovie42006,18.6307195697
basicinstinct1992,18.203678628
blackbook2007,14.6023987728
hollowman2000,17.8905710441
robocop1987,17.7286676324
showgirls1995,17.3506700642
starshiptroopers1997,18.3551379979
totalrecall1990,18.9419344065
basicinstinct22006,15.6897503379
basquiat1996,14.4766801064
beforenightfalls2000,14.4029701499
miral2011,13.5976908204
batman1989,19.5736285786
beetlejuice1988,18.320412467
bigeyes2014,16.183313061
bigfish2003,17.8541933218
darkshadows2012,18.3918232384
edwardscissorhands1990,17.9380903819
edwood1994,16.4217101
frankenweenie2012,17.9941384776
sleepyhollow1999,19.1487086345
batmanbegins2005,19.2446506724
inception2010,19.5641683716
insomnia2002,18.4872202552
interstellar2014,19.2566424702
memento2001,15.591773335
battleship2012,17.9022661935
fridaynightlights2004,18.5195834861
hancock2008,19.0206799824
lonesurvivor2013,18.8452241394
verybadthings1998,16.3576848348
bean1997,17.9623258152
bears2014,16.7631740446
chimpanzee2012,17.5651160545
beastly2011,17.1427698485
cake2015,14.6032351655
beastsofthesouthernwild2012,15.8290325533
beautifulboy2011,12.1117796146
beautifuldarling2011,12.1530381689
beautifulgirls1996,16.6034615393
blow2001,17.3023480154
becool2005,17.859907888
friday1995,17.4558569279
lawabidingcitizen2009,17.8177054766
bedtimestories2008,18.3975298772
bringingdownthehouse2003,18.4866692844
cheaperbythedozen22005,17.0230273266
rockofages2012,17.344871216
beemovie2007,18.7810121734
beerfest2006,16.4670574465
clubdread2004,15.5835126146
supertroopers2002,16.5930010107
beerleague2006,13.8960358901
beforeigotosleep2014,14.9104628381
brightonrock2011,12.1368515381
beforemidnight2013,15.7076194224
beforesunrise1995,16.4741223209
beforesunset2004,15.1837420782
bernie2012,14.8946910445
boyhood2014,16.1960764358
dazedandconfused1993,16.2611677016
fastfoodnation2006,14.2918715393
meandorsonwelles2009,14.4958600431
wakinglife2001,14.788932218
beginners2011,15.274580304
behindenemylines2001,17.8383224276
maxpayne2008,17.2749646661
bekindrewind2008,16.7435881135
humannature2002,13.6994122445
belami2012,12.0228156845
bella2007,15.8751912433
belle2014,15.0059928307
bellflower2011,12.8370408538
below2002,13.3811350974
pitchblack2000,17.3108566946
riddick2013,17.6152140741
beneaththeharvestsky2014,11.2760157652
berberiansoundstudio2013,10.2656320291
bereavement2011,10.8085516825
besharam2013,13.5050856765
bestinshow2000,16.4014368647
foryourconsideration2006,16.1688951108
waitingforguffman1997,14.0666474986
datemovie2006,17.7025323961
disastermovie2008,16.2513130044
epicmovie2007,17.7560388355
meetthespartans2008,17.8052382424
bestworstmovie2010,10.7799110846
bethlehem2014,12.7134785165
betterlivingthroughchemistry2014,11.1733844182
bettiepagerevealsall2013,10.8946801448
beverlyhillschihuahua2008,18.5973737832
neverbeenkissed1999,17.9551689841
yoursmineandours2005,17.7285194092
beverlyhillscop1984,18.6173642558
gigli2003,15.6744941944
meetjoeblack1998,18.0236785618
midnightrun1988,17.4519649649
scentofawoman1992,17.5606506176
beverlyhillsninja1997,17.901861596
bigdaddy1999,19.1252209381
grownups2010,18.5809575971
grownups22013,18.6124875561
happygilmore1996,17.3816703294
jackandjill2011,17.390084089
nationalsecurity2003,17.5031691948
problemchild1990,17.8563111856
savingsilverman2001,16.6648605903
bewitched2005,17.7089588785
michael1996,18.3056599226
sleeplessinseattle1993,18.9061133805
beyondborders2003,14.9828246228
edgeofdarkness2010,17.8136320812
goldeneye1995,18.8462130995
greenlantern2011,18.7070906939
beyondtheblackrainbow2012,10.4900256702
beyondthehills2013,11.8447946924
beyondthesea2004,13.0498104235
bhaagmilkhabhaag2013,15.1765427295
bicentennialman1999,17.5537649669
homealone1990,19.1819209033
iloveyoubethcooper2009,16.2674977598
mrsdoubtfire1993,18.9081025893
rent2005,17.3361111142
stepmom1998,18.5057976
bigfan2009,13.0642943102
bigfatliar2002,17.5476100359
cheaperbythedozen2003,18.4960107432
datenight2010,18.4185300998
nightatthemuseum2006,18.5576238992
realsteel2011,18.2295489576
thisiswhereileaveyou2014,17.2485505613
bigmanjapan2009,11.1053743454
bignight1996,15.5457608839
billcunninghamnewyork2011,14.2382007527
billyelliot2000,15.396941657
billymadison1995,17.0056510633
halfbaked1998,17.0733524354
bio-dome1996,16.6933239945
birth2004,15.4521998417
sexybeast2001,15.2103292231
birthofthelivingdead2013,7.40236167878
blackcatwhitecat1999,13.2318483008
blackchristmas2006,15.8423537667
blackdeath2011,11.0629278604
blackdynamite2009,13.2268047859
blackfish2013,14.5892940288
blackirish2007,9.98312464394
blacknativity2013,16.2690777005
blackorwhite2015,16.770328065
reignoverme2007,17.0491765014
blacksea2015,13.1097695312
howilivenow2013,11.0607240761
lifeinaday2011,13.100955561
marley2012,15.1303829316
stateofplay2009,17.9239343832
touchingthevoid2004,14.8620885821
blacksnakemoan2007,16.4132512354
blackswan2010,17.7013465095
noah2014,18.9340357901
pi1998,14.1650214376
requiemforadream2000,14.5893372332
blackthorn2011,11.380354009
blade1998,17.9652636466
bladesofglory2007,18.7817610887
blancanieves2013,13.0554403904
blessmeultima2013,14.5724685897
highcrimes2002,17.4385670007
outoftime2003,17.6815855349
blooddiamond2006,17.124116911
defiance2008,17.0371996743
loveandotherdrugs2010,17.2031630148
bloodworth2011,10.2570269249
bloodysunday2002,13.619926514
captainphillips2013,18.6942942917
greenzone2010,17.5333013298
united932006,17.9033193065
bluecaprice2013,12.6143318301
blueruin2014,12.4058032132
bluestreak1999,18.2083576546
flubber1997,18.750648565
bluevalentine2010,15.8332507926
bluevelvet1986,16.1371649441
inlandempire2006,13.1511255448
losthighway1997,15.2224858828
wildatheart1990,16.0368442388
bobby2006,16.298757212
bodyheat1981,16.3781628605
darlingcompanion2012,13.2303681525
dreamcatcher2003,17.3722604204
wyattearp1994,16.9950264808
boilerroom2000,16.8645330197
prime2005,16.6331431316
bolt2008,18.6308556612
bonneville2008,13.3321689935
boogeyman2005,17.6851937342
boogienights1997,17.5879922069
hardeight1997,13.7193865949
inherentvice2014,16.6753992346
magnolia1999,17.6102964549
themaster2012,17.0771131964
therewillbeblood2007,17.2959791878
boomerang1992,18.0297402711
borgman2014,10.1681621307
bottlerocket1996,14.3514211144
fantasticmrfox2009,17.5780934101
moonrisekingdom2012,17.4119823487
rushmore1998,16.9159797501
bottleshock2008,14.6054897058
cbgb2013,10.0662069975
bound1996,15.8233277438
cloudatlas2012,17.2004880022
jupiterascending2015,17.6282121216
speedracer2008,17.7761253004
bowfinger1999,18.585240246
deathatafuneral2007,15.9845155059
dirtyrottenscoundrels1988,17.2445783691
littleshopofhorrors1986,17.4115674939
bowlingforcolumbine2002,15.5274665252
sicko2007,16.9722330099
boya2008,12.2111339752
closedcircuit2013,15.7209448167
intermission2004,12.8772984766
brake2012,9.26531065864
brannuedae2010,11.6644822551
bratz2007,16.2001346577
raiseyourvoice2004,16.1018174782
soulsurfer2011,17.359332245
brazil1985,14.2090952229
fearandloathinginlasvegas1998,16.504389979
breach2007,17.870281162
shatteredglass2003,14.1937459402
breakdown1997,18.079081891
surrogates2009,17.4534101209
u-5712000,17.9999862485
breakfastonpluto2005,13.1944825369
byzantium2013,11.871212036
ondine2010,12.7775174959
coldmountain2003,17.9990449674
breakkebaad2010,13.3475460137
breathein2014,10.9924371479
likecrazy2011,15.187697077
brick2006,14.9545891434
brickmansions2014,16.825331565
bridgetoterabithia2007,18.8423022306
briefinterviewswithhideousmen2009,12.7093087013
brightstar2009,15.2029007141
bringingupbobby2012,8.14732820118
brokebackmountain2005,17.6569016097
crouchingtigerhiddendragon2000,18.3092555165
hulk2003,19.1881099985
lifeofpi2012,18.7909069192
senseandsensibility1995,17.6625235452
takingwoodstock2009,16.2218956604
brokencity2013,16.6447971418
newyorkiloveyou2009,14.492720876
brokenflowers2005,16.6323483773
deadman1996,14.1708422936
onlyloversleftalive2014,14.8039058525
bronson2009,12.1417264287
onlygodforgives2013,14.2303800508
valhallarising2010,11.0566879031
brotherbear2003,17.7781270103
brotherhood2010,9.93690587459
brotherhoodofthewolf2002,15.8505854071
silenthill2006,17.6264030208
brucealmighty2003,19.3094203063
evanalmighty2007,18.3893379789
liarliar1997,19.169757171
patchadams1998,18.4059474778
bruno2009,18.4410642157
religulous2008,16.6369997023
bubbleboy2001,15.2728545678
buck2011,14.5729106627
buffalosoldiers2003,12.6862487696
nedkelly2004,12.1527676919
buffythevampireslayer1992,16.4331249547
bug2007,15.9834901238
killerjoe2012,13.4303060082
bullhead2012,12.6817009533
bully2001,13.1108441175
bulworth1998,18.00018564
buried2010,14.1625899936
burlesque2010,17.2425712799
bus1742003,12.0868102452
butter2012,11.9612489715
cabinfever2003,17.1112761129
hostel2006,17.9175490613
inglouriousbasterds2009,18.9917064288
cairotime2010,14.2756555777
callmekuchu2013,10.2059273341
calvary2014,14.3474963909
camilleclaudel19152013,10.6625601054
cantinflas2014,16.4076077382
capital2013,12.6851247975
capote2005,16.0054677868
foxcatcher2014,15.0698965526
moneyball2011,18.458683647
captivity2007,14.7516156339
therebedragons2011,14.7265638136
caramel2008,14.1581964704
carandiru2004,12.057380174
caravaggio2002,7.3647833894
carlos2010,12.4782271805
cloudsofsilsmaria2015,14.4575949866
demonlover2003,12.9008386023
summerhours2009,14.3548851716
carpool1996,15.3779757286
carriers2009,12.429843437
cars2006,19.3343771655
cars22011,19.1797193669
casademipadre2012,16.1305973332
case392010,16.1049080747
pandorum2009,15.8042797447
cashback2007,11.2459084164
casinojack2010,12.0684059226
castingby2013,10.460004628
catchafire2006,15.7705549831
clearandpresentdanger1994,18.7781125158
catfish2010,15.5321629211
paranormalactivity32011,19.1635265339
paranormalactivity42012,18.0367120313
catwoman2004,17.3717145863
caveofforgottendreams2011,14.8713882124
grizzlyman2005,15.2213100985
intotheabyss2011,13.2580619459
rescuedawn2007,14.8184136196
cedarrapids2011,15.6111888633
youthinrevolt2010,17.065932532
celesteandjesseforever2012,14.8596461622
cellular2004,17.0618566848
finaldestination22003,17.5420934846
snakesonaplane2006,17.3565072282
centralstation1998,14.2526477698
darkwater2005,17.0875721397
ontheroad2012,13.0465311212
centurion2010,12.6082394111
doomsday2008,16.0272170215
certifiedcopy2011,14.484283743
likesomeoneinlove2013,12.2141877131
cesarchavez2014,16.228538864
chainletter2010,12.0872575545
chandnichowktochina2009,14.9736805555
changinglanes2002,18.0745881933
nottinghill1999,18.9267684449
chappie2015,17.0399625315
district92009,18.8481708261
elysium2013,18.2704177958
chapter272008,12.1782519781
charliebartlett2008,15.3769837973
charliecountryman2013,9.7704315553
chasingamy1997,14.5098365309
clerks1994,13.9224274155
dogma1999,17.9292277705
mallrats1995,14.7594468245
redstate2011,16.1188513286
tusk2014,14.5912878602
zackandmirimakeaporno2008,17.3382379367
che2008,13.8427538133
contagion2011,18.4529912179
erinbrockovich2000,18.7172926583
haywire2012,17.3574646613
magicmike2012,19.145253094
outofsight1998,18.2926273387
sexliesandvideotape1989,16.0825529275
solaris2002,16.8904165055
traffic2000,18.3790880328
cheapthrills2014,12.1065744929
chef2014,15.8750856413
elf2003,18.9019402757
ironman2008,20.0122634393
ironman22010,19.9284302889
chennaiexpress2013,15.9865421639
singham2011,13.1453383883
chernobyldiaries2012,16.5857302306
cherry2010,9.20295325583
chicago2002,18.020939918
intothewoods2014,19.0828434431
memoirsofageisha2005,17.0145672233
nine2009,16.5366106845
chickenlittle2005,18.6271310129
chickenrun2000,18.3317310707
chickenwithplums2012,12.1480808954
persepolis2007,14.6402246617
childrenofmen2006,17.990979592
gravity2013,19.6362887038
greatexpectations1998,17.6631662438
olivertwist2005,14.9561053479
theghostwriter2010,16.1975346399
venusinfur2014,12.5040826933
chinesepuzzle2014,12.4429451649
chloe2010,14.8014565771
chocolat2000,16.5435533623
dearjohn2010,18.1859715541
safehaven2013,17.7177065176
chopper2001,12.1251080845
christmaswiththekranks2004,18.0718355037
freedomland2006,16.4223336072
cinemaparadiso1990,13.7478567494
circumstance2011,13.1976451998
cirkuscolumbia2012,8.24649037031
citadel2012,10.9643903667
citizenfour2014,14.6338166783
cityisland2010,13.6039685936
robthemob2014,12.5257054062
cityofangels1998,18.2274711842
landofthelost2009,17.5477171361
cityofember2008,16.2447154579
monsterhouse2006,18.6651107438
cityoflifeanddeath2011,11.5139366634
cj72008,12.7582900384
kungfuhustle2005,16.9688104881
clandestinechildhood2013,10.5701848116
clockstoppers2002,17.164589447
closedcurtain2014,10.85868236
thisisnotafilm2012,11.3505914522
closer2004,16.8028141169
postcardsfromtheedge1990,18.1548292739
primarycolors1998,18.3244543659
silkwood1983,17.172540001
workinggirl1988,17.4541751277
cloverfield2008,18.9152650385
clue1985,16.0800331286
clueless1995,18.2061548572
fasttimesatridgemonthigh1982,16.89342672
vamps2012,7.29256733473
coachcarter2005,18.3362910176
whenthegamestandstall2014,17.0545420398
cog2013,12.0261008089
coherence2014,11.9165220541
coldcreekmanor2003,16.7285057096
leavinglasvegas1995,16.8631861075
coldinjuly2014,12.8613920627
stakeland2011,11.8786495558
wearewhatweare2013,12.3574012282
coldsouls2009,13.9322261356
coldweather2011,12.4872232779
collapse2009,11.7001258904
collateraldamage2002,17.3311709948
holes2003,18.296457369
collegeroadtrip2008,17.2578609845
cruelintentions1999,18.0047864397
furryvengeance2010,16.5293716074
justfriends2005,17.0884311854
colombiana2011,16.9735242375
taken22012,18.6411565153
taken32015,18.252841254
transporter32008,17.2437162532
compliance2012,12.9498033194
conair1997,18.2985180659
conanthebarbarian1982,17.6727897641
concussion2013,11.1456513326
confessionsofadangerousmind2002,17.0057738026
goodnightandgoodluck2005,17.0592164993
leatherheads2008,17.5455060041
confessionsofashopaholic2009,17.8696305238
mental2013,9.60862329152
confessionsofateenagedramaqueen2004,17.2130929184
congo1995,18.2359941242
constantine2005,18.347079117
iamlegend2007,19.7555742591
waterforelephants2011,17.9392975574
conversationswithotherwomen2006,13.6177244974
coolworld1992,16.8537894039
copland1997,18.0410659841
girlinterrupted1999,17.451922911
identity2003,17.8234136274
walktheline2005,18.4659268101
copycat1995,17.0334358115
entrapment1999,18.1801887379
coraline2009,18.5208583517
corpsebride2005,18.5845868594
cosmopolis2012,14.2991401362
deadringers1988,16.961163137
easternpromises2007,17.2463045534
existenz1999,15.7736770483
mapstothestars2015,13.6905119167
videodrome1983,15.8287002768
countdowntozero2010,14.0112546015
countrystrong2010,16.8729639879
couplesretreat2009,18.2973794226
courageous2011,17.3041643933
fireproof2008,17.0875853374
cousinjules2013,10.7849193975
coyoteugly2000,17.558789104
kangaroojack2003,17.7045630057
cracks2011,10.0611949636
crank2006,17.182865159
crazyheart2009,16.8360192043
outofthefurnace2013,16.5697438073
crazystupidlove2011,18.3492632502
iloveyouphillipmorris2010,14.6782951513
crimsontide1995,18.3931158365
domino2005,15.9047738842
enemyofthestate1998,18.601101528
manonfire2004,17.9099830626
spygame2001,18.1708576828
trueromance1993,17.004514205
unstoppable2010,18.3577719509
cropsey2010,11.614635211
crossover2006,15.9188780303
cubanfury2014,11.996116075
cube1998,13.0797084265
splice2010,16.9630247203
curiousgeorge2006,17.7836084027
cursed2005,16.803956595
mysoultotake2010,16.3993005082
redeye2005,18.1682050978
scream1996,17.4834750805
scream21997,19.1389236874
scream32000,18.5808846723
scream42011,17.7765559098
vampireinbrooklyn1995,16.9586590535
cutieandtheboxer2013,12.8344075017
daddydaycamp2007,15.8026171211
daddydaycare2003,18.2661435422
drdolittle22001,18.3977154905
nextfriday2000,17.8820888203
dahmer2002,12.2174111033
dallasbuyersclub2013,16.6988860129
damselsindistress2012,14.0347287891
danceflick2009,16.9966951556
danceswithwolves1990,18.330404163
openrange2003,17.8771962033
waterworld1995,18.4517871603
dangerousliaisons1988,16.9800172712
highfidelity2000,17.4440111752
laythefavorite2012,10.5697661446
mrshendersonpresents2005,13.9547485219
philomena2013,16.8977514388
tamaradrewe2010,12.3044357396
daninreallife2007,17.7141340516
dannycollins2015,15.4134081788
daredevil2003,18.2780683888
ghostrider2007,18.4778689296
killingseason2013,11.5990101174
wheninrome2010,17.2175078161
darkcity1998,16.5462406908
irobot2004,18.9785127555
knowing2009,17.835754511
darkhorse2012,11.9895854295
happiness1998,15.4895967392
palindromes2005,13.0166249545
storytelling2002,14.0743566467
darkskies2013,16.8162837106
intotheblue2005,16.4952852867
kidcannabis2014,10.5639596015
turistas2006,15.8309588944
daybreakers2010,17.5615285782
predestination2015,12.5821424
undead2005,10.7878565737
tothewonder2013,13.9563886834
daywatch2007,13.1926636175
wanted2008,19.049964766
deadagain1991,17.581244628
henryv1989,14.8915493766
thor2011,19.2313727579
deadalive1993,13.0926165781
deadmandown2013,15.9923682821
deadmanwalking1995,17.2438122038
deadpoetssociety1989,18.4720387741
witness1985,17.2147904647
deadsilence2007,16.6955880314
deathsentence2007,15.8507027998
insidious2011,17.6433641013
saw2004,17.7622304255
deadsnow2009,10.9355419132
dearwhitepeople2014,16.1192718317
deathrace2008,17.4244858467
eventhorizon1997,17.2798538322
mortalkombat1995,18.6173174341
pompeii2014,16.9537171382
residentevil2002,17.517641621
deathtosmoochy2002,15.9960240773
duplex2003,16.1401592311
deathtrap1982,16.2980329955
findmeguilty2006,14.7072647047
decemberboys2007,11.9772108321
deception2008,14.9839762673
deckthehalls2006,17.3526927437
seespotrun2001,17.1119872265
deepimpact1998,18.9702463573
payitforward2000,17.1653132736
deepwater2007,13.448663687
defendor2010,11.4265717705
definitelymaybe2008,17.4721812002
delgo2008,13.2295095842
delicatessen1992,11.371997957
deliverusfromeva2003,16.9280332425
deliverusfromevil2006,11.8599633849
westofmemphis2012,11.7757771857
deliveryman2013,16.7077660045
starbuck2013,11.9271688003
deltafarce2007,15.5563345613
departures2009,14.0144867476
desertdancer2015,12.1860992381
desertflower2011,10.5850660275
desperado1995,17.1257863112
elmariachi1993,15.382427149
fromdusktilldawn1996,17.6726482011
shorts2009,16.7402997137
spykids2001,18.8822423871
despicableme2010,19.7000274911
despicableme22013,19.8947051528
torque2004,16.8575014594
detroitrockcity1999,15.6751143124
detropia2012,12.3501898821
jesuscamp2006,11.5938926584
dhoom32013,16.2877230404
tashan2008,14.6854170099
diana2013,12.3520741161
downfall2005,13.1867021239
fiveminutesofheaven2009,11.2888325187
diaryofamadblackwoman2005,18.2838236248
diaryofawimpykid2010,18.3982290931
hotelfordogs2009,17.8754252889
diaryofthedead2008,14.5091946531
landofthedead2005,17.5463677309
survivalofthedead2010,12.1500870073
dick1999,16.0984106558
diehard1988,17.4762296243
lastactionhero1993,17.9061996769
predator1987,17.678097165
frozen2010,12.8213487802
hatchet2007,12.6542122774
diner1982,15.6015797866
envy2004,16.3876875395
manoftheyear2006,17.3331195188
rainman1988,17.6623320471
sleepers1996,18.0721399529
sphere1998,17.7758124502
dinnerforschmucks2010,18.3666294549
meetthefockers2004,18.6838126167
meettheparents2000,18.9707835187
dinosaur2000,18.9641611992
diplomacy2014,11.3639689754
dirtydancing1987,17.1620326421
dirtydeeds2005,12.1643951337
dirtygirl2011,11.2519255054
dirtywars2013,13.7338926838
disconnect2013,14.2707304353
disgrace2009,11.8536116422
distant2004,12.1062417124
onceuponatimeinanatolia2012,11.9928747975
disturbia2007,18.218314542
eagleeye2008,18.1085288148
iamnumberfour2011,17.5745466752
takinglives2004,17.0809173675
divergent2014,18.8281256277
djangounchained2012,18.7153090215
jackiebrown1997,17.8536948304
pulpfiction1994,18.1969377777
reservoirdogs1992,15.0116484192
doknotdisturb2009,12.9858124764
doloresclaiborne1995,17.4981582411
loveranch2010,12.4825052685
parker2013,16.5145022591
proofoflife2000,16.9921861885
ray2004,18.4682712662
dolphintale2011,18.3629117116
dolphintale22014,18.0277194263
domhemingway2014,12.7931057558
don22011,15.4059716233
donjon2013,17.2212894419
donkeypunch2009,9.97198060316
donniebrasco1997,18.304015193
fourweddingsandafuneral1994,17.6116916003
loveinthetimeofcholera2007,15.4212258941
donniedarko2001,13.44451343
southlandtales2007,13.1464496445
doogal2006,15.5798764812
doom2005,17.0889704354
exitwounds2001,17.4767696014
romeomustdie2000,17.6630163536
doublejeopardy1999,18.4102719254
drivingmissdaisy1989,18.080294661
doubt2008,16.9859558344
downandoutinbeverlyhills1986,17.9184724068
downterrace2010,9.98774003025
killlist2012,11.177065888
sightseers2013,10.7524633894
dracula20002000,16.5312562779
draftday2014,17.2071568417
evolution2001,17.5497930598
ghostbusters1984,18.8476130316
kindergartencop1990,17.6694587607
sixdayssevennights1998,18.1742248709
twins1988,18.3647520107
drcabbie2014,11.4851199213
dreamgirls2006,18.498848911
kinsey2004,15.4878137928
dreamhouse2011,16.6642221086
inthenameofthefather1993,16.605535764
dreamsofalife2012,9.82160791317
dredd2012,16.5610040903
vantagepoint2008,17.931200048
drillbittaylor2008,17.0155750169
littlenicky2000,17.7152294174
mrdeeds2002,18.5762397642
walkofshame2014,11.557899515
withoutapaddle2004,17.4167070183
drinkingbuddies2013,12.7693372658
dropdeadgorgeous1999,16.7441685933
elephant2003,14.4155258397
findingforrester2000,17.8446370418
gerry2003,13.0385392941
goodwillhunting1997,18.1802839435
milk2008,15.6961106458
paranoidpark2008,13.5608515641
drugwar2013,10.8510722915
triadelection2007,12.4680532342
drumline2002,17.9490681684
paidinfull2002,15.5266970112
duedate2010,18.3392279778
oldschool2003,17.7835302261
schoolforscoundrels2006,16.2216703497
dumbanddumber1994,18.0944737583
hallpass2011,17.3154225355
osmosisjones2001,16.6723596228
shallowhal2001,18.1961480259
dummy2003,12.5718496774
duplicity2009,17.8406690488
michaelclayton2007,17.7152660556
eaglevsshark2007,12.3816204216
eastiseast2000,13.9277453163
easya2010,18.2745786381
friendswithbenefits2011,18.1878603905
eatingout2005,12.4095849153
eatpraylove2010,17.9284829089
runningwithscissors2006,15.2089429294
echelonconspiracy2009,13.8946014149
edenlake2008,9.82149605901
educatingrita1983,15.0761030062
eightcrazynights2002,17.0257722213
eightleggedfreaks2002,16.681774723
elegy2008,14.4664019065
elektra2005,16.8545661805
reignoffire2002,17.547171406
elena2012,11.6644795471
elitesquad2008,10.2312135072
ellaenchanted2004,16.8787586728
emma1996,17.0970724183
emperor2013,15.2838115269
hannibalrising2007,17.1481635011
employeeofthemonth2006,17.2714310953
endofdays1999,18.0173052262
timecop1994,17.4086745119
endofwatch2012,17.7285289339
harshtimes2006,15.580742136
streetkings2008,17.2867272852
enemy2014,12.7008321044
incendies2011,14.0785770939
prisoners2013,18.2259404071
enemyatthegates2001,17.800790218
sevenyearsintibet1997,17.8145834704
enoughsaid2013,16.1777336498
friendswithmoney2006,16.352676389
pleasegive2010,14.9375586626
enterthevoid2010,13.1904115641
irreversible2003,13.5535297798
equilibrium2002,14.1295385413
ultraviolet2006,16.676585149
eragon2006,17.9427756107
escapefromplanetearth2013,17.6033609497
escapefromtomorrow2013,12.2875355794
europareport2013,12.8406869326
eurotrip2004,16.4563020288
everythingisilluminated2005,14.0228651762
everythingmustgo2011,15.3646801352
exitthroughthegiftshop2010,15.4712095991
exmachina2015,16.0721725776
extract2009,16.3637754209
idiocracy2006,12.9808138895
officespace1999,16.9307213917
extremeops2002,15.0657897741
eyeswideshut1999,18.8015210977
fullmetaljacket1987,17.7102649334
factotum2006,13.8075557547
fadinggigolo2014,15.2252010776
failuretolaunch2006,18.103196671
marmaduke2010,17.0985540817
shanghainoon2000,18.0153726832
showtime2002,17.3108293547
falconrising2014,10.0366406829
fanboys2009,13.8095002644
fantasticfour2005,18.8328971697
ridealong2014,18.5263201893
taxi2004,16.8990637762
thinklikeaman2012,18.8114185916
farfromheaven2002,15.8017494119
velvetgoldmine1998,14.9160313154
fatalattraction1987,18.1590643754
flashdance1983,16.4593892313
indecentproposal1993,18.1634296586
faust2013,11.1166090099
russianark2002,13.5761518403
feast2006,11.2686288837
piranha3dd2012,13.246566188
fedup2014,13.779906743
femmefatale2002,16.0849106981
missiontomars2000,18.2598976164
passion2013,12.1383525022
scarface1983,17.4164633864
snakeeyes1998,18.1368880162
fido2007,11.8117238998
fieldofdreams1989,17.7345993152
fiftyshadesofgrey2015,19.3523650416
fighting2009,17.2395542132
fillthevoid2013,14.5004927717
filth2014,10.8305889989
finaldestination2000,16.9667727935
finaldestination32006,17.6627778582
theone2001,17.5660412416
finaldestination52011,17.800529883
intothestorm2014,17.4504587566
findingnemo2003,19.8701516734
wall-e2008,19.6566801771
findingneverland2004,16.2060084899
machinegunpreacher2011,13.1332554839
stay2005,15.2450654412
strangerthanfiction2006,18.2000220689
worldwarz2013,19.495061286
findingvivianmaier2014,14.004075561
firefliesinthegarden2011,12.6869199267
jesushenrychrist2012,10.8883984739
firstblood1982,17.4862394443
firstposition2012,13.1720281409
fishtank2010,13.3427148767
redroad2007,12.4468999831
flameandcitron2009,12.6684486897
flashgordon1980,17.305196185
flightplan2005,18.0108224918
ripd2013,16.9665454489
flyboys2006,16.3501531525
flymetothemoon3d2008,15.2341296627
flypaper2011,7.12239185736
stuartlittle1999,18.5422019647
stuartlittle22002,18.0720044832
focus2001,12.6676817357
foodinc2009,14.6876680896
foodoflove2002,10.2273717713
footnote2012,14.5063802882
foragoodtimecall2012,14.147796156
forcemajeure2014,13.2351712833
forcoloredgirls2010,18.0142930065
gooddeeds2012,17.6222329294
icandobadallbymyself2009,18.3909057094
madeagoestojail2009,18.763941702
forgettingsarahmarshall2008,18.227314419
gethimtothegreek2010,18.0728351456
forgreaterglory2012,15.3619217183
formula512002,15.3437097143
freddyvsjason2003,18.2862033256
forthebibletellsmeso2007,12.0688743906
fourchristmases2008,18.37158539
horriblebosses2011,18.4397314239
identitythief2013,18.3114448971
fourlions2010,13.1100397241
fracture2007,17.5327534788
frequency2000,17.4342885969
primalfear1996,17.537453195
untraceable2008,17.1348146764
frailty2002,16.3925587369
frank2014,12.9088483219
fredclaus2007,17.7994233191
shanghaiknights2003,18.1167190705
weddingcrashers2005,18.2178994302
freddygotfingered2001,16.5399271563
freedomwriters2007,17.7101465172
psiloveyou2007,16.4727053337
freewilly1993,18.1013141483
friendswithkids2012,15.3246398124
fromhell2001,17.2555078649
frompariswithlove2010,16.6136375318
taken2009,18.0456629625
frompradatonada2011,15.1975647598
fromuponpoppyhill2013,14.7051198493
talesfromearthsea2010,12.003212245
frontera2014,11.4119884261
frozenriver2008,14.1182627591
fukrey2013,11.6196623927
funnyhaha2005,12.010351997
funnypeople2009,18.2025458217
knockedup2007,18.8838311538
funsize2012,15.7663153326
funwithdickandjane2005,17.5121671488
galaxyquest1999,17.6406004225
red22013,17.5591600959
futurobeach2015,10.2875409505
g-force2009,18.1807938165
gangsterno12002,11.1807320502
luckynumberslevin2006,16.7746146822
wickerpark2004,16.3159843065
gardenstate2004,16.6478977581
wishiwashere2014,14.8574099966
garfield2004,17.9721239537
zoom2006,15.8923734652
gasland2010,9.69715727299
gattaca1997,16.9753213049
lordofwar2005,17.2031637835
jawbreaker1999,15.5205659487
gentlemenbroncos2009,11.5870930862
nacholibre2006,18.4952940243
napoleondynamite2004,16.3240644749
georgiarule2007,16.3793660917
prettywoman1990,18.0765241797
gethard2015,18.1291691139
getlow2010,14.8089659011
getonup2014,17.8554070083
getshorty1995,18.4125039069
meninblack1997,19.6019807259
rv2006,17.5784275979
wildwildwest1999,18.4094233436
ghanchakkar2013,12.2801627487
ghost1990,18.0862033664
ratrace2001,17.4985732656
ghostship2002,16.9223177262
thirteenghosts2001,17.377336962
ghostsofgirlfriendspast2009,17.6489113875
justlikeheaven2005,17.6785636246
meangirls2004,18.4130571735
vampireacademy2014,15.6670254235
ghostsofmars2001,15.7647478553
princeofdarkness1987,17.0549384276
starman1984,17.0732844602
theylive1988,16.917231453
ghosttown2008,17.0788766297
mortdecai2015,15.6614219806
premiumrush2012,16.8331578316
secretwindow2004,17.9630386784
stirofechoes1999,17.389294059
gimmeshelter2014,14.5451387387
gimmetheloot2013,12.8500081344
gingersnaps2001,9.27697698853
girlinprogress2012,15.5776344471
girlsagainstboys2013,10.4298925587
glengarryglenross1992,16.8328505151
gloryroad2006,17.8791477313
gnomeoandjuliet2011,18.2303271155
go1999,17.1036135091
jumper2008,17.8432113173
swingers1996,14.3709876467
godblessamerica2012,11.853359345
godhelpthegirl2014,11.221888202
godzilla20002000,16.2282201729
goforsisters2013,10.2138790911
lonestar1996,15.5005780992
gogoagone2013,12.5213265095
gone2012,16.0813045662
goodbyefirstlove2012,12.0675311856
goodluckchuck2007,17.1727053485
goodneighbors2011,9.44774654871
goon2012,15.7074857609
goriterepyaarmein2013,13.0754779049
gosfordpark2001,16.8887625313
popeye1980,17.5496223874
gothika2003,17.5921045745
graceland2013,10.523900809
graceunplugged2013,15.1498427272
gracie2007,14.8764070805
itmightgetloud2009,14.7026171557
grandpiano2014,9.23445677975
grease1978,18.594034512
greedylyingbastards2013,12.0628544741
greenberg2010,15.2450293186
margotatthewedding2007,14.8478088114
greenstreethooligans2005,13.2576180946
gridirongang2006,17.4441996296
grind2003,15.2412802272
grindhouse2007,17.5922757753
hotfuzz2007,17.3104776943
shaunofthedead2004,16.9913428212
grossepointeblank1997,17.8155773646
grumpyoldmen1993,17.0248647791
howtoloseaguyin10days2003,18.2984564549
justmyluck2006,16.3138032348
misscongeniality2000,17.1538571948
mysticpizza1988,15.7072184856
welcometomooseport2004,16.5978020689
guesswho2005,17.8944355355
springbreakers2013,16.815648511
merebrotherkidulhan2011,14.8326396478
halfnelson2006,14.4541938002
hannaharendt2013,13.4083321719
happenstance2001,11.3857149222
happyaccidents2001,13.5927648971
session92001,13.0360344391
transsiberian2008,13.6877563755
vanishingon7thstreet2011,9.89355201605
happyfeet2006,19.3393405212
happyhappy2011,10.6071084162
happythankyoumoreplease2011,13.3059677917
liberalarts2012,12.1137909109
harlemnights1989,17.8765454205
harrybrown2010,14.4585088658
haseetohphasee2014,13.9719981331
hateshiploveship2014,11.0950136265
haven2006,11.7948742794
headhunters2012,13.457971729
heartbeats2011,11.7526611185
heartbreakers2001,17.3239768311
heartless2010,9.47113791917
heavenisforreal2014,18.2472244937
secretariat2010,17.7481636828
weweresoldiers2002,18.0600472697
hellandbackagain2011,10.1246483271
hellboy2004,18.3604248286
mimic1997,17.0427271277
pacificrim2013,18.8177547305
hellion2014,10.7058439676
helloimustbegoing2012,13.0234769926
herecomesthedevil2013,6.76311128696
heroine2012,13.4874406483
hesher2011,13.2752660045
hidalgo2004,17.8375736914
honeyishrunkthekids1989,18.7311037351
jumanji1995,17.7151437552
octobersky1999,17.7085552014
hideandseek2005,17.7247337459
highart1998,14.0720677119
higherground2011,12.7776221308
highschool2012,11.7712540489
hightension2005,15.1497521982
horns2014,12.4506019485
mirrors2008,16.9078848593
himmatwala2013,12.6247529755
hitandrun2012,15.8711960973
hitchcock2012,15.3078728552
hobowithashotgun2011,11.2859952677
hollidaysburg2014,9.3504654291
hollywoodhomicide2003,17.112230189
hollywoodland2006,16.7662990667
rememberme2010,16.9441804221
holymotors2012,12.3306565052
homefront2013,16.2447446918
impostor2002,15.4043180269
kissthegirls1997,17.7052798212
runawayjury2003,17.6170842124
homeontherange2004,17.5941033116
homerun2013,15.3629903367
honeymoon2014,10.288122531
hoodlum1997,17.4188009977
hoopdreams1994,13.2057490351
lifeitself2014,14.4006821587
prefontaine1997,14.509722563
hoosiers1986,17.3317486703
hoot2006,15.6877585699
horriblebosses22014,17.3700912464
sexdrive2008,15.662589846
hostage2005,16.9784277671
hotelrwanda2004,16.2694381032
reservationroad2007,12.2765382937
hoteltransylvania2012,19.0363101435
hotrod2007,16.3593922047
houseattheendofthestreet2012,17.2308273229
houseof1000corpses2003,15.6525025249
houseofflyingdaggers2004,15.8189648581
notoneless2000,13.6526870728
houseofsandandfog2003,14.0792596565
houseofwax2005,17.0096566072
runallnight2015,17.1538624634
houseonhauntedhill1999,17.8693060931
howardsend1992,15.4288148764
howl2010,13.4739526814
lovelace2013,13.2097862994
howtoeatfriedworms2006,16.4473653965
howtotrainyourdragon2010,19.5501892155
howtotrainyourdragon22014,19.4941403343
humpday2009,13.39800975
laggies2014,14.0745077819
touchyfeely2013,9.19168834734
hysteria2012,12.8423791669
iamali2014,9.17886776743
iamlove2010,14.6845956739
iamsam2001,17.1236988929
iceage2002,19.330942359
rio2011,19.0778462892
rio22014,18.2911197817
robots2005,19.0212305864
iceprincess2005,16.6772303868
ida2014,14.3232478207
mysummeroflove2005,14.037817322
ideclarewar2013,9.52725027534
idlehands1999,15.372750037
ifistay2014,17.4649569468
ifrankenstein2014,16.5545622199
igiveitayear2013,9.94414901255
igor2008,16.9556859384
ihearthuckabees2004,16.2572345029
silverliningsplaybook2012,17.0326549985
threekings1999,18.3142890416
ihopetheyservebeerinhell2009,14.3836312235
iknowwhatyoudidlastsummer1997,18.148751534
iknowwhokilledme2007,15.8546574901
ilfuturo2013,9.66390120718
iloilo2014,11.184856423
imaginethat2009,16.6548293846
overthehedge2006,19.1833100921
inabetterworld2011,13.2842761535
loveisallyouneed2013,13.3257163179
openhearts2003,12.58168152
serena2015,12.2284586249
thingswelostinthefire2007,15.5617224319
inanothercountry2012,9.97932802454
inappropriatecomedy2013,12.5513961326
inaworld2013,14.5297749089
inbruges2008,15.7944858655
sevenpsychopaths2012,16.5363081759
indarkness2012,13.1386106807
inequalityforall2013,14.6064585221
infernalaffairs2004,12.8606758638
inkheart2009,16.6181041657
k-pax2001,17.7981618044
inmysleep2010,11.665304777
innocentvoices2005,14.252556093
messageinabottle1999,18.0729620086
trapped2002,15.45353686
insidejob2010,14.059579899
noendinsight2007,13.7674344775
inspectorgadget1999,18.4811297891
instructionsnotincluded2013,17.8695304713
inthebedroom2001,15.887156274
littlechildren2006,14.7117457816
inthefog2013,9.41536155832
myjoy2011,9.27244398533
inthehouse2013,12.8476548858
potiche2011,14.2721915832
swimmingpool2003,15.6854151593
inthelandofbloodandhoney2011,12.4933285263
unbroken2014,18.4197894045
intheloop2009,15.4967181018
inthenameof2013,9.15174570568
inthevalleyofelah2007,15.6190748306
thirdperson2014,12.7571588035
intoodeep1999,17.0067828284
intothewhite2013,3.67947770318
intothewild2007,16.1404764817
ipman22011,12.9965712175
ironman32013,20.426813283
kisskissbangbang2005,15.4061807906
isawthedevil2011,12.2506443782
thegoodthebadtheweird2010,10.9520648984
ishtar1987,16.8802682989
ispitonyourgrave2010,12.0484271726
ispitonyourgrave22013,6.6403623978
istillknowwhatyoudidlastsummer1998,18.0358882105
itfollows2015,16.6728332598
ithinkilovemywife2007,16.4566376769
topfive2014,17.4944149609
itrunsinthefamily2003,15.9028506398
wordsandpictures2014,13.8468389688
ivorytower2014,12.8055925948
iwantsomeonetoeatcheesewith2007,12.6379866486
iwish2012,10.986018698
nobodyknows2005,13.8825632196
stillwalking2009,13.1228419985
jackanddiane2012,5.43398662181
jackgoesboating2010,12.9588795371
jaiho2014,14.3288835695
jasonx2002,16.4043669031
jcvd2008,12.602550482
jealousy2014,10.4908453938
jeeperscreepers2001,17.3743369179
jewtopia2013,10.9441702909
jimmyp2014,10.910478472
jinn2014,12.542764303
jirodreamsofsushi2012,14.4259018483
jobs2013,16.4072234688
joedirt2001,16.6681929868
newyorkminute2004,16.3983586533
whatagirlwants2003,17.2626926826
joetheking1999,11.7655817936
johndiesattheend2013,12.3121078875
johnrabe2010,10.0585877829
johnwick2014,17.7226741477
jonahhex2010,15.9525515673
joshua2007,13.5813605531
journeytothecenteroftheearth2008,18.350099278
yogibear2010,17.5596026227
journeytothewest2014,10.0494082295
joyride2001,16.9260292263
rounders1998,17.3410779694
youkillme2007,14.80415477
jumpingthebroom2011,17.9131064646
juno2007,18.1298228925
thankyouforsmoking2006,16.96638091
upintheair2009,17.7882484073
youngadult2011,16.5492862155
justvisiting2001,15.3701714535
justwright2010,17.2707904202
kaboom2011,12.4158491322
mysteriousskin2005,13.1222855759
whitebirdinablizzard2014,10.2654275245
kalifornia1993,15.5769861557
seasonofthewitch2011,16.9672471974
swordfish2001,17.4467378209
whiteout2009,15.6153850911
katyn2009,12.4552062849
kazaam1996,16.6713393491
keane2005,11.4923543321
keepingmum2006,13.0570524665
keepingthefaith2000,17.264679286
keepingupwiththesteins2006,15.480162184
keepthelightson2012,13.3494128034
loveisstrange2014,15.0317103457
kick2014,14.5975577958
killerelite2011,16.6612164744
killerofsheep2007,13.44374876
killmethreetimes2015,10.0824649798
killtheirishman2011,14.6516072607
killthemessenger2014,15.2069178032
killyourdarlings2013,13.762095749
kingarthur2004,17.4222735526
olympushasfallen2013,18.2422860759
shooter2007,17.5050429901
tearsofthesun2003,17.1137603454
trainingday2001,18.4545632452
kinkyboots2006,13.8016711069
kissofthedamned2013,9.40638416671
kissofthedragon2001,17.6309009265
knightsofbadassdom2014,10.8738855297
knockaroundguys2002,16.166356433
solitaryman2010,14.7140208256
koch2013,13.1078414085
krrish32013,15.3443605639
kungfupanda2008,19.6587920418
kungfupanda22011,19.3534585459
labyrinth1986,16.782648181
ladyinthewater2006,17.6030690843
signs2002,19.3561567952
unbreakable2000,18.696479411
lakeplacid1999,17.3714632022
lakeviewterrace2008,17.6209898989
nursebetty2000,17.0972515113
larrycrowne2011,17.3559439959
larsandtherealgirl2007,14.5189435657
milliondollararm2014,17.5169238383
mrwoodcock2007,16.7866466925
lastchanceharvey2008,16.7526507867
lastdaysinvietnam2014,13.1532488238
lastounceofcourage2012,15.1738181719
lasttrainhome2010,13.5319252711
lastvegas2013,17.6800655786
nationaltreasure2004,18.6300198506
phenomenon1996,18.4369546073
whileyouweresleeping1995,18.2922024399
laughatmypain2011,17.2679172657
lavieenrose2007,15.2453663641
layercake2005,14.0264955991
stardust2007,17.4251035674
leapyear2010,17.0195963528
shopgirl2005,15.4121064683
leavesofgrass2010,12.3251743405
o2001,16.6780357644
lebanon2010,12.6524318395
lehavre2011,12.1462345701
lettherightonein2008,14.0099286766
tinkertailorsoldierspy2011,17.4807632823
levitatedmass2014,10.7243320137
levity2003,12.1027418405
licensetowed2007,17.0132580796
lifeafterbeth2014,12.036292029
lifeasahouse2001,16.0601203916
lifeasweknowit2010,17.4013289606
lifeisbeautiful1998,16.7543479846
lifeofcrime2014,13.3052334995
lilting2014,8.45719606661
limelight2011,11.1026181071
lionsforlambs2007,16.5714665007
ordinarypeople1980,15.8809828593
quizshow1994,17.2277341348
listenupphilip2014,12.6281851428
littleman2006,17.9684068042
scarymovie2000,18.871137535
scarymovie22001,17.6315886569
whitechicks2004,17.7763826815
littlemanhattan2005,13.6325945086
littlemisssunshine2006,17.5608524822
rubysparks2012,14.5583753813
littlewhitelies2012,12.2395674311
tellnoone2008,15.3530698192
littlewomen1994,16.7980783095
locke2014,14.5036444356
lockout2012,16.3897306299
lockstockandtwosmokingbarrels1999,15.5069570393
rocknrolla2008,15.4942461998
sherlockholmes2009,19.2639664609
sweptaway2002,13.8212508772
lolaversus2012,12.6226458601
londonboulevard2011,10.1008286094
lonelyhearts2007,13.3376833463
lookingforeric2010,11.2263336077
lordsofdogtown2005,16.6308161521
plush2013,8.57503032945
redridinghood2011,17.2595208009
thirteen2003,14.8081467832
lore2013,12.4391475687
somersault2006,12.0613078286
losangelesplaysitself2004,10.8001243862
lostinlamancha2003,13.8311281811
lostinspace1998,18.0366133931
undersuspicion2000,13.576744182
lostinthailand2013,11.4121223061
lostintranslation2003,17.0584273279
marieantoinette2006,17.1594182434
lostriver2015,12.047250181
lotteryticket2010,17.3351113244
lovecrime2011,12.3488216698
lovelymolly2012,11.2137474588
lovelystill2010,10.758747984
lovemeifyoudare2004,12.3478393463
loverosie2015,10.6562504293
loveweddingmarriage2011,8.25294396607
luckbychance2009,14.1607562579
luckythem2014,10.6067706096
luther2003,14.8916086216
macbeth2007,7.43024819414
macgruber2010,15.6684278414
machete2010,17.2895886135
maddogandglory1993,16.9733672798
wildthings1998,17.609388369
madeindagenham2010,13.526267889
mademoisellechambon2010,12.8460339928
madmoney2008,16.6209044725
maidinmanhattan2002,17.8066053284
mainstreet2011,8.8439175922
makeyourmove2014,11.9791100848
mama2013,18.4476460861
mamboitaliano2003,14.4459782642
management2009,13.9362124133
manakamana2014,10.2757066426
manic2003,11.4638381952
manoftaichi2013,11.6519745518
manonaledge2012,16.6483813382
manonthemoon1999,17.298628679
valmont1989,14.4947813411
manonwire2008,14.5392787339
projectnim2011,12.443448248
shadowdancer2013,11.8007520404
mansome2012,10.85812625
supersizeme2004,16.1529505273
marchofthepenguins2005,17.2419673736
margaret2011,11.1105667349
youcancountonme2000,14.8117649467
mariafullofgrace2004,15.195073844
marriedtothemob1988,17.0448053797
neilyoungjourneys2012,12.2731402343
philadelphia1993,18.7069053698
rachelgettingmarried2008,16.1041224543
somethingwild1986,16.2177281763
stopmakingsense1984,13.8869668917
marsneedsmoms2011,16.8260623185
marthamarcymaymarlene2011,15.4421345704
marwencol2010,10.0954165566
max2002,12.5898685197
may2003,12.5270000637
mccanick2014,7.78722436593
raze2014,8.94684110649
meancreek2004,13.109894908
meandyouandeveryoneweknow2005,14.0520358815
meetingevil2012,5.04853745303
meetmonicavelour2011,10.7328280965
meettherobinsons2007,18.3444105334
memoriesofmurder2005,11.1327053432
snowpiercer2014,15.1476371473
metropolis2002,13.9772453766
middlemen2010,13.9011545376
milarepa2007,11.721182864
mirrormask2005,14.2877095992
missmarch2009,15.1937900415
misspettigrewlivesforaday2008,16.6215192994
misterfoe2008,12.0300990071
perfectsense2012,8.53388428976
spread2009,12.6900521676
starredup2014,11.3965555952
moebius2014,7.6843621012
springsummerfallwinterandspring2004,13.7219123547
monsieurlazhar2012,14.4055073183
monsoonwedding2002,14.7851686379
monster2003,16.7650603105
monstersinc2001,19.6740896721
monstersvsaliens2009,19.4169291006
montecarlo2011,16.7886148213
moonstruck1987,18.0510246289
morethanhoney2013,10.6777568337
morverncallar2002,12.2455163069
ratcatcher2000,12.0039803117
weneedtotalkaboutkevin2011,13.5946728523
mosquitaymari2012,10.5298346847
motherandchild2010,13.5602122925
passengers2008,13.1382895666
mousehunt1997,17.0888367933
rango2011,19.0702270304
movie432013,15.9721007393
mrbrooks2007,16.9591084264
mrnobody2013,7.78512223377
mud2013,16.2600740336
takeshelter2011,14.1834465949
murderat16001997,17.0208463979
murderball2005,13.7853839261
murderbynumbers2002,17.0172346237
reversaloffortune1990,16.9421415608
muscleshoals2013,13.1350114964
museumhours2013,13.0554244978
mustlovedogs2005,17.4449606348
mutantchronicles2009,9.87513663406
myafternoonswithmargueritte2011,12.3427687614
mybigfatgreekwedding2002,16.804628429
mydogskip2000,16.9307150049
mydogtulip2010,12.4907111941
mynameiskhan2010,16.770192712
myoldlady2014,14.3084321307
myoneandonly2009,14.0077076102
wimbledon2004,16.8804890528
myperestroika2011,12.7890845287
mysteriesoflisbon2011,11.769928768
mysterymen1999,17.6998934322
mysteryteam2009,11.5742147447
myweekwithmarilyn2011,14.4711784869
womaningold2015,16.66583335
mywinnipeg2008,12.0247403583
nannymcphee2006,18.1174256766
wakingneddevine1998,15.5574450425
nationalgallery2014,11.9107298147
naturecalls2012,5.84929014138
needforspeed2014,17.4999421912
neverbackdown2008,16.6832397662
neverletmego2010,14.8999967063
onehourphoto2002,17.3933934513
newintown2009,16.7926996209
newsies1992,15.3252113672
nicotina2004,14.5679664368
nightmoves2014,12.9515386675
wendyandlucy2008,12.7669847617
nightofthelivingdead3d2006,13.2807191519
nightsinrodanthe2008,17.2801319027
nightwatch1998,14.7074821214
ninequeens2002,13.5374783069
ninjaassassin2009,17.1638170411
vforvendetta2006,18.3128601293
nobodywalks2012,10.7100529176
nomad2007,10.129737906
noonelives2013,11.7415494313
noreservations2007,17.6140027634
shine1996,17.3138952519
northcountry2005,16.9152802383
whalerider2003,15.0153531387
northfork2003,13.88480054
nostalgiaforthelight2011,11.1262776349
notanotherteenmovie2001,17.3479256182
notcool2014,11.5719864284
notesonascandal2006,16.4213648582
nothingbadcanhappen2014,8.92187820293
nowhereboy2010,13.8236439701
nowyouseeme2013,18.3370912006
transporter22005,17.5384900494
unleashed2005,16.8489164754
oblivion2013,18.5061826096
observeandreport2009,17.3567089267
obsessed2009,18.1120019964
obviouschild2014,14.652209863
oceans2010,17.169773974
oculus2014,17.4339218377
officerdown2013,7.90570930241
ofgodsandmen2011,15.3419985084
ohmygod2009,10.6530490565
oldboy2005,13.9961427751
stoker2013,14.8839837985
sympathyformrvengeance2005,11.5047150131
thirst2009,13.9216078707
olddogs2009,17.6311585576
vanwilder2002,16.5407026957
wildhogs2007,18.295761754
omar2014,13.4391067617
paradisenow2005,13.9290616173
once2007,14.6236571187
onceuponatimeinthemidlands2003,12.2274101126
thisisengland2007,13.3044333953
onechance2014,11.5270995736
oneforthemoney2012,16.9920774315
onemissedcall2008,17.2760791607
ongbak2005,15.6120845221
ongbak22009,11.7242652014
ongbak32011,10.0301864844
openwater2004,17.4086153216
silenthouse2012,16.5313747294
orangesandsunshine2011,12.1599772262
orgazmo1998,14.0325455957
orwellrollsinhisgrave2004,11.1581408013
ouija2014,17.6049618839
ouridiotbrother2011,16.8365477814
outinthedark2013,11.1162096749
outlander2009,11.7832619975
owningmahowny2003,12.7660626295
p22007,14.9084756533
paa2009,13.5086210179
paddington2015,18.5615341649
paloalto2014,14.0792851347
paperheart2009,14.4237657475
paperman2010,10.6745314545
paprika2007,13.871382037
paranormalactivity2009,18.848387993
paranormalactivity22010,18.6911559439
paranorman2012,18.0370082182
parentalguidance2012,17.4739562245
racetowitchmountain2009,18.383937948
youagain2010,16.8609006039
pariah2011,13.8984112126
parkland2013,13.7688785769
particlefever2014,13.6568955673
passionofmind2000,13.6955615662
passionplay2011,8.82080596919
pastorela2011,11.7326956027
pathfinder2007,16.0480434734
pathology2008,12.3064578056
paulwilliamsstillalive2012,11.8082042912
vegasvacation1997,17.9210351226
pawn2013,8.9052199126
pawnshopchronicles2013,8.96013141828
paycheck2003,17.2159150283
redcliff2009,12.1452131111
pecker1998,15.1871330527
peoplelikeus2012,16.1370859
phantoms1998,15.9252051627
pianomania2011,9.27143842988
pictureperfect1997,17.3179285685
pina2011,14.721142105
pingpongplaya2008,12.4807105745
pitchperfect2012,17.9546325714
pk2014,16.8442637176
planes2013,17.888501773
planet512009,17.265448943
plasticplanet2011,7.55525250759
playback2012,5.65835344345
pleasantville1998,17.9847973106
seabiscuit2003,18.6511567042
pocahontas1995,18.9950013096
poetry2011,12.7048810291
pointblank2011,13.2164687306
policeacademy1984,17.6855534066
polisse2012,11.7376136814
pontypool2009,8.26668102517
ponyo2009,16.7246647033
princessmononoke1999,15.5547976364
spiritedaway2002,16.3786899914
populaire2013,11.9598750401
postgrad2009,15.3570936786
posttenebraslux2013,10.4093269494
silentlight2009,12.4796107576
premonition2007,17.5438817189
prettyinpink1986,17.7065469828
pricecheck2012,9.51897552054
prideandglory2008,16.3886688824
primer2004,12.867228659
upstreamcolor2013,13.3614551072
primeval2007,16.2216467841
privateproperty2007,12.7088612955
prom2011,16.3781974159
sleepover2004,16.0795619139
sydneywhite2007,16.2888068526
proof2005,15.362755469
shakespeareinlove1998,17.5847081744
pumpkin2002,12.2298924821
puncture2011,12.6597391053
purplerain1984,17.5122743812
queentoplay2011,12.122181409
quidproquo2008,10.6585591383
quills2000,15.5835070385
rabbithole2010,13.8420291995
shortbus2006,14.4718587488
race22013,14.5309847849
radiofreealbemuth2014,9.56893405635
ramaiyavastavaiya2013,11.0608571021
rowdyrathore2012,13.4419466357
rampart2012,13.6655640308
rapt2011,10.7788588202
ratatouille2007,19.3809214507
reddragon2002,18.7398132783
rushhour1998,19.0739458504
rushhour22001,19.3515232828
rushhour32007,18.6579990008
towerheist2011,18.1649591234
redemptionroad2011,11.4012291435
redlights2004,10.4867153432
redline2007,15.7734627832
redtails2012,17.7225782864
rememberthetitans2000,18.3248606881
uptowngirls2003,17.1190566546
rendition2007,15.8604074327
tsotsi2006,14.1521340905
renoir2013,13.7678707843
repentance2014,14.394037489
repoman1984,13.7201016973
reprise2008,14.0121391107
requiem2006,10.2135764085
restrepo2010,13.8205320445
returner2003,11.6142107714
returntoneverland2002,17.2547834234
returntooz1985,16.2724016243
revengeoftheelectriccar2011,12.6859070603
ridingthebullet2004,12.3314907758
riskybusiness1983,17.4124348668
robotandfrank2012,13.7982712466
rogue2008,9.57679800509
wolfcreek2005,15.7943877368
rolemodels2008,18.184728069
wanderlust2012,16.6669581861
ronin1998,17.7985305365
room2372013,12.9172369655
rosetta1999,13.2697500314
twodaysonenight2014,13.7710884083
rosewater2014,15.0917876057
rubber2011,11.7071907228
rubberneck2013,8.99754991655
rudderless2014,12.277765623
rugratsgowild2003,17.3909139519
rumbleinthebronx1996,17.7660241531
runfatboyrun2008,15.6451733612
runlolarun1999,14.912556256
runnerrunner2013,16.3157736638
safehouse2012,18.4192369775
safetynotguaranteed2012,14.4731788802
sahara2005,17.4298314871
salinger2013,14.3109881783
samsara2012,14.6824149629
sanctum2011,16.6469335687
saraband2005,13.2870936124
saturdaynightfever1977,17.1794087377
savannah2013,10.6985645916
savingface2005,14.161345122
savingmrbanks2013,17.5233703976
savingprivateperez2011,15.2629795667
scarymovie52013,17.2620374692
soulmen2008,16.4186803196
searchingforsugarman2012,13.4007547943
secondhandlions2003,17.6017058537
secretary2002,14.95534627
seedofchucky2004,16.2394104554
seekingjustice2012,13.0952355579
thirteendays2000,17.626270074
seenoevil2006,15.991688567
selma2014,17.9041513676
senna2011,14.9673505911
senseless1998,16.5701051295
septemberdawn2007,13.7335513623
youngguns1988,17.2027162309
seraphimfalls2007,13.8179002782
serenity2005,17.6122480524
seriousmoonlight2009,10.8090764594
sevenpounds2008,17.5361010896
seventhson2015,16.3209163086
sexandthecity2008,19.1103232674
sexandthecity22010,18.1591340182
shadowboxer2006,13.3527211928
shadowofthevampire2000,15.220101177
suspectzero2004,15.7692423374
shallwedance2004,17.5571421566
shame2011,15.9297416639
shaolin2011,11.2455830176
sharktale2004,18.9101441281
sharkwater2007,11.8179555335
shelter2008,10.5406738889
sherrybaby2006,12.5776160062
shootoutatwadala2013,12.9217172369
shortterm122013,14.110510622
shrek2001,19.417068128
shrek22004,20.3670547379
shrink2009,11.8404141095
shrooms2008,8.01866353547
sidebyside2012,11.2299204676
sikandar2009,7.68243324399
silentnight2012,9.92979881387
simonkiller2013,10.4652805056
sincity2005,18.4737459472
sinister2012,17.7773928875
sinnombre2009,14.3760019338
sixteencandles1984,17.3488516369
skateland2011,10.531803147
skyhigh2005,18.0204710844
survivingchristmas2004,15.9752160554
skyline2010,16.994338431
slackers2002,15.3410950786
sleepwalkwithme2012,14.6601949438
slipstream2007,9.95768517229
slither2006,16.4202739292
smalltownmurdersongs2011,9.25947419255
smartpeople2008,16.393709589
smashed2012,12.8715067923
smashhiscamera2010,9.93902147745
snitch2013,17.3560766328
snowwhiteandthehuntsman2012,19.1666871617
somethingborrowed2011,17.2913530142
somewhereintime1980,16.0312265883
songofthesea2014,13.5099378885
sonofgod2014,17.9407182803
sonoframbow2008,13.8374962326
sonofthemask2005,16.7118296382
sororityrow2009,15.9010023571
soulkitchen2010,13.1103722277
soundcity2013,12.9961266583
soundofmyvoice2012,12.6866271005
sourcecode2011,17.8921426319
spaceballs1987,16.6711677679
spacechimps2008,16.5360515156
spawn1997,17.9820618891
specialtreatment2011,7.0435872032
speed1994,18.2647364615
twister1996,19.4162882984
spiceworld1998,17.8236399464
splinterheads2009,11.7230257088
springfever2010,7.81532877278
spyhard1996,17.1850312294
starlet2012,11.3835271851
stateproperty2002,14.6630372358
stayalive2006,17.0694577432
steamboy2005,13.7607925877
stepbrothers2008,18.3972372933
stepintoliquid2003,15.4956869331
stickit2006,17.3190924351
stigmata1999,17.9508701783
stone2010,13.7904896193
storage242013,3.52821212291
strangemagic2015,16.4330048543
strangerbythelake2014,13.0262602596
strangewilderness2008,15.7167871715
struckbylightning2013,11.4809304274
stuckinlove2013,11.8493197122
studentbodies1981,15.6316734438
stvincent2014,17.1399119773
submarine2011,13.643706349
summerwars2010,9.11754949492
sunflower2007,10.8353351769
sunshinecleaning2009,15.0829319226
super82011,18.8318077362
superheromovie2008,16.5395229842
swat2003,18.3719271913
synecdochenewyork2008,15.0137706254
syriana2005,17.8444988374
tabloid2011,13.924735163
taichihero2013,10.0988316968
tamara2006,11.5948549911
tammy2014,17.6533972199
tarnation2004,12.6792418836
tarzan1999,19.2623309274
taxitothedarkside2008,12.1860911934
teawithmussolini1999,16.6397196757
ted2012,19.081889082
teenage2014,11.083273476
teeth2008,12.7805529558
terenaallovehogaya2012,12.1816488766
terminatorsalvation2009,18.6603067881
wearemarshall2006,16.8432733372
terri2011,13.9805854289
terriblyhappy2010,12.4523485768
texaschainsaw3d2013,17.7151612703
texaskillingfields2011,10.7842478328
thanksforsharing2013,14.4660271294
thateveningsun2009,11.8466793084
theartofthesteal2010,13.8564334999
theimmigrant2014,13.8100981262
twolovers2009,14.4167745279
thelongestride2015,17.1558605827
themuppets2011,19.0452555467
thenshefoundme2008,13.6566185062
therunaways2010,15.2922074495
thesweeney2013,11.1537368384
they2002,16.2826828188
thinice2012,13.8676373415
thisfilmisnotyetrated2006,13.7657214686
thismustbetheplace2012,10.7574207849
thomasandthemagicrailroad2000,16.0239823737
tillhumanvoiceswakeus2003,10.410937329
timbuktu2015,13.344328258
timechanger2002,14.077426699
tinyfurniture2010,13.3635303694
titanae2000,17.2109291042
tobeandtohave2003,12.8865277169
together2001,14.2531350017
tomorrowneverdies1997,18.5999648756
toothfairy2010,17.4129926805
tootsie1982,17.904834341
tosavealife2010,15.6165429181
tothearctic2012,13.8408129741
toystory1995,19.3493381116
toystory21999,19.9941553665
toystory32010,20.3320647828
trade2007,12.8272216265
traitor2008,17.0922538056
transamerica2005,15.602465609
transcendence2014,16.8958436126
treasureplanet2002,17.8445714395
tremors1990,16.9998680634
tristanandisolde2006,16.7407608002
trollhunter2011,10.6014147136
tropicthunder2008,18.3557764659
zoolander2001,17.7651577012
troublethewater2008,13.3656568003
troublewiththecurve2012,17.4470574842
tuesdayafterchristmas2011,11.0307062632
tulpan2009,12.1183019032
turbo2013,18.2482663099
turntheriver2008,9.80153020446
turtlescanfly2005,13.0102511656
twolives2014,8.1130787757
twonightstand2014,11.4427303118
twoweeksnotice2002,17.6398250965
tyrannosaur2011,10.2247285153
tyson2009,14.1135564567
whenwillibeloved2004,12.1534539346
uhf1989,15.8952182269
unaccompaniedminors2006,16.668703881
unanoche2013,11.7006310016
underclassman2005,15.4527625745
underdog2007,17.1544543557
underdogs2013,12.0833784486
underourskin2009,11.6180580075
underworld2003,17.2485269009
unfinishedsong2013,13.2232822356
unknown2006,9.11048710627
unknownwhitemale2006,12.8049023176
up2009,19.9247540949
upsidedown2013,12.0447377533
urbanlegend1998,17.3456179001
usmarshals1998,18.0533432041
valiant2005,16.3231770397
valkyrie2008,18.1754339683
vampirehunterd2001,12.356714884
vanhelsing2004,18.7327001802
venusandserena2013,11.6088440489
veronicamars2014,16.4886370045
virtuosity1995,17.0951236954
virus1999,16.4751987217
vitus2007,11.0460699757
volcano1997,17.7953598288
wadjda2013,14.1034223555
waiting2005,16.4260406643
waitingforforever2011,11.0459430724
waitingforlightning2012,10.8272386228
waitress2007,16.3003067598
wakingsleepingbeauty2010,13.433463256
walkingtall2004,17.3682121839
waltzwithbashir2008,13.8915431764
warinc2008,13.0535518656
warmbodies2013,18.1758670719
warwitch2013,11.2147498817
wasteland2010,12.3343562464
watermark2014,11.4320174071
wehaveapope2012,12.6074499245
welcometothepunch2013,8.65140101656
welcometotherileys2010,12.6877419516
werckmeisterharmonies2001,11.38199059
wetlands2014,11.0635363409
whatdreamsmaycome1998,18.0333427096
whathappensinvegas2008,17.9161219396
whatmaisieknew2013,13.4462713298
whatwedointheshadows2015,14.3197952744
whencomedywenttoschool2013,11.1445225152
whipit2009,16.6950654605
whiplash2014,15.1573466773
whiteirishdrinkers2011,11.7387953603
whitekingredrubberblackdeath2005,10.5532865097
whitenoise2005,18.0064501554
whystopnow2012,7.61040944613
wildgrass2010,13.5245683777
wildtales2015,14.6560459695
winniethepooh2011,17.3590277568
winterinwartime2011,12.175521491
winwin2011,15.2515806741
wrongturn2003,16.2330688322
xanadu1980,16.4643455335
xxy2008,10.3851496676
yesman2008,17.666426337
yossi2013,11.3810962194
yougotserved2004,17.6254854699
youmeanddupree2006,18.0170794614
youwillbemyson2013,12.7668390007
yvessaintlaurent2014,12.7344570436
zaytoun2013,9.39211615114
zombeavers2015,9.82597348668
